[{"block":0,"size":10,"storage":[{"state":"Added","key":"ffffffff01","value":"0000"},{"state":"Added","key":"ffffffff14f52dfb9340410c8691c631215b44a4fbd943378b","value":"0b4103210400e1f50521000000"},{"state":"Added","key":"ffffffff0b","value":"0400e1f50500"},{"state":"Added","key":"feffffff14f52dfb9340410c8691c631215b44a4fbd943378b","value":"0b41012107008053ee7ba80a00"},{"state":"Added","key":"feffffff0b","value":"07008053ee7ba80a00"},{"state":"Added","key":"fdffffff0c","value":"040000040000"},{"state":"Added","key":"fdffffff17","value":"040002000000"},{"state":"Added","key":"fdffffff11","value":"0800282e8cd100000000"},{"state":"Added","key":"fdffffff0a","value":"08e80300000000000000"},{"state":"Added","key":"fdffffff0f","value":"010000"}]}]