{"name":null,"version":"3.0","scrypt":{"n":16384,"r":8,"p":8},"accounts":[{"address":"Nj6NGt5GXPGqfg7kDhPqNwo33wW3QYrq5j","label":null,"isDefault":false,"lock":false,"key":"6PYT3P5MUqNbpfkLQeSUgtm8m69MfXyFhvRq7b2gNXNKFQftj2BDaDFHAF","contract":{"script":"DCEDvskiSya\u002BXdGE2es9vUja6RijsROTI/Z4s\u002BE1/sw\u002BYTYLQQqQatQ=","parameters":[{"name":"signature","type":"Signature"}],"deployed":false},"extra":null},{"address":"Nd8uRq4K31TBrr5ex9X8TSSsQh4kZHfzcU","label":null,"isDefault":false,"lock":false,"key":"6PYT3P5MUqNbpfkLQeSUgtm8m69MfXyFhvRq7b2gNXNKFQftj2BDaDFHAF","contract":{"script":"EQwhA77JIksmvl3RhNnrPb1I2ukYo7ETkyP2eLPhNf7MPmE2EQtBMHOzuw==","parameters":[{"name":"parameter0","type":"Signature"}],"deployed":false},"extra":null}],"extra":null}