{"name":null,"version":"1.0","scrypt":{"n":16384,"r":8,"p":8},"accounts":[{"address":"AQzRMe3zyGS8W177xLJfewRRQZY2kddMun","label":null,"isDefault":false,"lock":false,"key":"6PYLjXkQzADs7r36XQjByJXoggm3beRh6UzxuN59NZiBxFBnm1HPvv3ytM","contract":{"script":"2103d08d6f766b54e35745bc99d643c939ec6f3d37004f2a59006be0e53610f0be25ac","parameters":[{"name":"signature","type":"Signature"}],"deployed":false},"extra":null},{"address":"ANKvkjEEzyFxinptiat1cNpPi9bR5QjMvQ","label":null,"isDefault":false,"lock":false,"key":"6PYLjXkQzADs7r36XQjByJXoggm3beRh6UzxuN59NZiBxFBnm1HPvv3ytM","contract":{"script":"512103d08d6f766b54e35745bc99d643c939ec6f3d37004f2a59006be0e53610f0be2551ae","parameters":[{"name":"parameter0","type":"Signature"}],"deployed":false},"extra":null}],"extra":null}