{"name":null,"version":"3.0","scrypt":{"n":16384,"r":8,"p":8},"accounts":[{"address":"NfVEFaYUZgLA8F4KDxtYUD8LmAMdZpaiCS","label":null,"isdefault":false,"lock":false,"key":"6PYPp6zL6FaVn2rkrctTvWav4gRdKkBNKT9jCmrqFyD8yBYi25kp7FaRQd","contract":{"script":"DCECrGtY/djBpprJUAP8i2As5ltVzbH2k1nffEeF5HHTx9ULQZVEDXg=","parameters":[{"name":"signature","type":"Signature"}],"deployed":false},"extra":null},{"address":"NiGMpgwiVyZfuF7NG9vMD2rajE7eqVayfD","label":null,"isdefault":false,"lock":false,"key":"6PYPp6zL6FaVn2rkrctTvWav4gRdKkBNKT9jCmrqFyD8yBYi25kp7FaRQd","contract":{"script":"EQwhAqxrWP3YwaaayVAD/ItgLOZbVc2x9pNZ33xHheRx08fVEQtBE43vrw==","parameters":[{"name":"parameter0","type":"Signature"}],"deployed":false},"extra":null}],"extra":null}