{"name":null,"version":"1.0","scrypt":{"n":16384,"r":8,"p":8},"accounts":[{"address":"NicB21AML9K4TMT1qwFCjSkjCWTCVYfSTf","label":null,"isdefault":false,"lock":false,"key":"6PYTTQ3tTDXvVhSLA7LfbtJ25oSrvdAr7VWNfo2wBMHkG2aByBKLvm3JYH","contract":{"script":"DCECRiqVAHNbSXNtLdAhI179/RhgI\u002Bk9dCSD8rjgMmeOVT9BVuezJw==","parameters":[{"name":"signature","type":"Signature"}],"deployed":false},"extra":null},{"address":"NX4pQCjXkJHMKzXw3ccVdEFw6SrgePNP6r","label":null,"isdefault":false,"lock":false,"key":"6PYTTQ3tTDXvVhSLA7LfbtJ25oSrvdAr7VWNfo2wBMHkG2aByBKLvm3JYH","contract":{"script":"EQwhAkYqlQBzW0lzbS3QISNe/f0YYCPpPXQkg/K44DJnjlU/EUGe0Nw6","parameters":[{"name":"parameter0","type":"Signature"}],"deployed":false},"extra":null}],"extra":null}