{
  "ApplicationConfiguration": {
    "Logger": {
      "Path": "Logs_{0}",
      "ConsoleOutput": false,
      "Active": false
    },
    "Storage": {
      "Engine": "LevelDBStore",
      "Path": "Data_LevelDB_{0}"
    },
    "P2P": {
      "Port": 20333,
      "WsPort": 20334
    },
    "UnlockWallet": {
      "Path": "",
      "Password": "",
      "IsActive": false
    },
    "PluginURL": "https://github.com/neo-project/neo-modules/releases/download/v{1}/{0}.zip"
  },
  "ProtocolConfiguration": {
    "Network": 1951352142,
    "MillisecondsPerBlock": 15000,
    "MaxTraceableBlocks": 2102400,
    "ValidatorsCount": 7,
    "StandbyCommittee": [
      "023e9b32ea89b94d066e649b124fd50e396ee91369e8e2a6ae1b11c170d022256d",
      "03009b7540e10f2562e5fd8fac9eaec25166a58b26e412348ff5a86927bfac22a2",
      "02ba2c70f5996f357a43198705859fae2cfea13e1172962800772b3d588a9d4abd",
      "03408dcd416396f64783ac587ea1e1593c57d9fea880c8a6a1920e92a259477806",
      "02a7834be9b32e2981d157cb5bbd3acb42cfd11ea5c3b10224d7a44e98c5910f1b",
      "0214baf0ceea3a66f17e7e1e839ea25fd8bed6cd82e6bb6e68250189065f44ff01",
      "030205e9cefaea5a1dfc580af20c8d5aa2468bb0148f1a5e4605fc622c80e604ba"
    ],
    "SeedList": [
      "seed1t.neo.org:20333",
      "seed2t.neo.org:20333",
      "seed3t.neo.org:20333",
      "seed4t.neo.org:20333",
      "seed5t.neo.org:20333"
    ]
  }
}
