{"name":null,"version":"3.0","scrypt":{"n":16384,"r":8,"p":8},"accounts":[{"address":"NikhQp1aAD1YFCiwknhM5LQQebj4464bCJ","label":null,"isdefault":false,"lock":false,"key":"6PYWXbiXVGPCttZo9qwGea8x4ikpTMbM8k2r2DnrVAJVr4GBbmnmfE3zMS","contract":{"script":"DCECztQyOX3cRO26AxwLw7kz8o/dlnd5LXsg5sA23aqs8eILQZVEDXg=","parameters":[{"name":"signature","type":"Signature"}],"deployed":false},"extra":null},{"address":"NgaiKFjurmNmiRzDRQGs44yzByXuSkdGPF","label":null,"isdefault":false,"lock":false,"key":"6PYWXbiXVGPCttZo9qwGea8x4ikpTMbM8k2r2DnrVAJVr4GBbmnmfE3zMS","contract":{"script":"EQwhAs7UMjl93ETtugMcC8O5M/KP3ZZ3eS17IObANt2qrPHiEQtBE43vrw==","parameters":[{"name":"parameter0","type":"Signature"}],"deployed":false},"extra":null}],"extra":null}