{
  "ApplicationConfiguration": {
    "Logger": {
      "Path": "Logs_{0}",
      "ConsoleOutput": false,
      "Active": false
    },
    "Storage": {
      "Engine": "LevelDBStore",
      "Path": "Data_LevelDB_{0}"
    },
    "P2P": {
      "Port": 20333,
      "WsPort": 20334
    },
    "UnlockWallet": {
      "Path": "",
      "Password": "",
      "IsActive": false
    },
    "PluginURL": "https://github.com/neo-project/neo-modules/releases/download/v{1}/{0}.zip"
  }
}
